chain_id,anomaly_2007_id,anomaly_2015_id,anomaly_2022_id,depth_2007,depth_2015,depth_2022,growth_rate_07_15,growth_rate_15_22,acceleration,is_accelerating,risk_score,years_to_80pct,match_confidence_07_15,match_confidence_15_22
CHAIN_0203,RUN_2007_1336,RUN_2015_3127,RUN_2022_4315,28.0,16.0,36.0,-1.5,2.857142857142857,4.357142857142858,True,0.44,3.1999999999999997,0.6085931595787527,0.7067321972229834
CHAIN_0107,RUN_2007_768,RUN_2015_2433,RUN_2022_3201,15.0,23.0,47.0,1.0,3.4285714285714284,2.4285714285714284,True,0.435,3.473684210526316,0.6147470073714574,0.7031424142836071
CHAIN_0191,RUN_2007_1292,RUN_2015_1324,RUN_2022_690,42.0,44.0,57.0,0.25,1.8571428571428572,1.6071428571428572,True,0.40499999999999997,3.9148936170212765,0.6418565336867712,0.6395458320768317
CHAIN_0108,RUN_2007_771,RUN_2015_565,RUN_2022_3320,31.0,40.0,56.0,1.125,2.2857142857142856,1.1607142857142856,True,0.395,4.626506024096385,0.6454637898616417,0.6338092191377279
CHAIN_0284,RUN_2007_1821,RUN_2015_2202,RUN_2022_3080,16.0,11.0,32.0,-0.625,3.0,3.625,True,0.395,3.9792746113989637,0.6287102912354628,0.8748513633395018
CHAIN_0290,RUN_2007_1832,RUN_2015_2310,RUN_2022_3105,11.0,11.0,32.0,0.0,3.0,3.0,True,0.37,4.571428571428571,0.6685160240284216,0.8166585267013534
CHAIN_0143,RUN_2007_1001,RUN_2015_875,RUN_2022_481,39.0,32.0,43.0,-0.875,1.5714285714285714,2.446428571428571,True,0.36,4.813008130081301,0.622221040210932,0.6296801993580204
CHAIN_0154,RUN_2007_1038,RUN_2015_927,RUN_2022_1603,16.0,23.0,41.0,0.875,2.5714285714285716,1.6964285714285716,True,0.35,5.724770642201835,0.6368241984675845,0.7892666697687446
CHAIN_0181,RUN_2007_1233,RUN_2015_2319,RUN_2022_3108,20.0,20.0,36.0,0.0,2.2857142857142856,2.2857142857142856,True,0.33999999999999997,5.500000000000001,0.6477494749371788,0.7781010570862077
CHAIN_0005,RUN_2007_109,RUN_2015_1194,RUN_2022_1954,12.0,12.0,30.0,0.0,2.5714285714285716,2.5714285714285716,True,0.33,5.555555555555555,0.6446889884977437,0.6781720529138395
CHAIN_0197,RUN_2007_1330,RUN_2015_2414,RUN_2022_3127,26.0,26.0,38.0,0.0,1.7142857142857142,1.7142857142857142,True,0.31,7.0,0.6349970743663597,0.8572123484698883
CHAIN_0356,RUN_2007_2296,RUN_2015_2997,RUN_2022_4110,10.0,10.0,27.0,0.0,2.4285714285714284,2.4285714285714284,True,0.305,6.235294117647059,0.6457474268876546,0.9115251466644727
CHAIN_0131,RUN_2007_900,RUN_2015_2994,RUN_2022_4107,18.0,15.0,29.0,-0.375,2.0,2.375,True,0.3,6.425196850393701,0.6448259784304159,0.9176151989015786
CHAIN_0286,RUN_2007_1824,RUN_2015_2265,RUN_2022_689,33.0,36.0,44.0,0.375,1.1428571428571428,0.7678571428571428,True,0.285,11.755102040816327,0.7712279152502926,0.6456124563943554
CHAIN_0015,RUN_2007_231,RUN_2015_1696,RUN_2022_1107,13.0,13.0,27.0,0.0,2.0,2.0,True,0.275,7.571428571428571,0.6421501145450689,0.6293504855701184
CHAIN_0223,RUN_2007_1496,RUN_2015_1289,RUN_2022_2869,36.0,48.0,50.0,1.5,0.2857142857142857,-1.2142857142857144,False,0.25857142857142856,105.0,0.6392729614906572,0.6441570665182048
CHAIN_0079,RUN_2007_420,RUN_2015_2211,RUN_2022_3097,15.0,14.0,26.0,-0.125,1.7142857142857142,1.8392857142857142,True,0.255,8.554455445544555,0.6492056348871325,0.6782141201544594
CHAIN_0120,RUN_2007_812,RUN_2015_3015,RUN_2022_5170,20.0,15.0,25.0,-0.625,1.4285714285714286,2.053571428571429,True,0.25,8.38095238095238,0.6439821118104448,0.6381349524483327
CHAIN_0145,RUN_2007_1006,RUN_2015_3092,RUN_2022_2028,26.0,29.0,37.0,0.375,1.1428571428571428,0.7678571428571428,True,0.25,14.040816326530612,0.6335739660616454,0.6144234008978091
CHAIN_0177,RUN_2007_1220,RUN_2015_1908,RUN_2022_4168,21.0,11.0,20.0,-1.25,1.2857142857142858,2.5357142857142856,True,0.24,7.868852459016394,0.6298505521995835,0.63224218810256
CHAIN_0207,RUN_2007_1384,RUN_2015_1984,RUN_2022_478,24.0,17.0,25.0,-0.875,1.1428571428571428,2.017857142857143,True,0.24,8.88888888888889,0.631973516815114,0.6380766890178518
CHAIN_0246,RUN_2007_1697,RUN_2015_1978,RUN_2022_2801,39.0,12.0,15.0,-3.375,0.42857142857142855,3.8035714285714284,True,0.24,6.540880503144654,0.7243275467121678,0.7429736102070428
CHAIN_0319,RUN_2007_1976,RUN_2015_939,RUN_2022_529,39.0,38.0,41.0,-0.125,0.42857142857142855,0.5535714285714286,True,0.24,21.51724137931034,0.6482847387551579,0.6415424940839345
CHAIN_0081,RUN_2007_438,RUN_2015_1733,RUN_2022_495,29.0,22.0,28.0,-0.875,0.8571428571428571,1.7321428571428572,True,0.23500000000000001,10.024096385542169,0.6417129669289401,0.645388500844228
CHAIN_0030,RUN_2007_254,RUN_2015_2720,RUN_2022_287,17.0,16.0,26.0,-0.125,1.4285714285714286,1.5535714285714286,True,0.235,10.16470588235294,0.6457666093051347,0.6353536158771536
CHAIN_0000,RUN_2007_58,RUN_2015_2339,RUN_2022_1090,40.0,33.0,35.0,-0.875,0.2857142857142857,1.1607142857142856,True,0.22999999999999998,14.11764705882353,0.6456329123700985,0.640965214650975
CHAIN_0180,RUN_2007_1231,RUN_2015_1542,RUN_2022_2386,10.0,11.0,23.0,0.125,1.7142857142857142,1.5892857142857142,True,0.22999999999999998,10.021978021978022,0.638867911950991,0.7681577357930351
CHAIN_0233,RUN_2007_1518,RUN_2015_3348,RUN_2022_3326,14.0,20.0,30.0,0.75,1.4285714285714286,0.6785714285714286,True,0.21999999999999997,16.0,0.6335874015150064,0.6424205868466437
CHAIN_0113,RUN_2007_782,RUN_2015_598,RUN_2022_98,22.0,26.0,33.0,0.5,1.0,0.5,True,0.21500000000000002,20.88888888888889,0.7607694354858628,0.6209887965468234
CHAIN_0125,RUN_2007_846,RUN_2015_2984,RUN_2022_4063,35.0,45.0,43.0,1.25,-0.2857142857142857,-1.5357142857142856,False,0.215,,0.6181832653069159,0.6149583379180367
CHAIN_0274,RUN_2007_1809,RUN_2015_2189,RUN_2022_3061,16.0,10.0,19.0,-0.75,1.2857142857142858,2.0357142857142856,True,0.215,9.568627450980394,0.8082016198879041,0.9400639670988189
CHAIN_0237,RUN_2007_1567,RUN_2015_1813,RUN_2022_286,18.0,14.0,22.0,-0.5,1.1428571428571428,1.6428571428571428,True,0.21000000000000002,11.047619047619047,0.8130719036714225,0.6367242784857079
CHAIN_0306,RUN_2007_1927,RUN_2015_2675,RUN_2022_4127,30.0,10.0,14.0,-2.5,0.5714285714285714,3.071428571428571,True,0.21,8.0,0.6637675590647991,0.6369426098574937
CHAIN_0355,RUN_2007_2295,RUN_2015_3474,RUN_2022_4887,12.0,12.0,22.0,0.0,1.4285714285714286,1.4285714285714286,True,0.21,11.6,0.7412475118087043,0.7346939980360659
CHAIN_0001,RUN_2007_62,RUN_2015_586,RUN_2022_676,25.0,23.0,28.0,-0.25,0.7142857142857143,0.9642857142857143,True,0.2,16.64,0.6385093612919429,0.644199101859108
CHAIN_0289,RUN_2007_1828,RUN_2015_2303,RUN_2022_3104,16.0,12.0,20.0,-0.5,1.1428571428571428,1.6428571428571428,True,0.2,11.428571428571429,0.6821537819884639,0.7546754182796392
CHAIN_0078,RUN_2007_405,RUN_2015_3087,RUN_2022_4219,15.0,13.0,21.0,-0.25,1.1428571428571428,1.3928571428571428,True,0.195,12.756756756756756,0.6474955481733146,0.7409557355190354
CHAIN_0275,RUN_2007_1811,RUN_2015_2454,RUN_2022_3304,15.0,14.0,22.0,-0.125,1.1428571428571428,1.2678571428571428,True,0.195,13.44927536231884,0.6485946586145099,0.7623935805936363
CHAIN_0322,RUN_2007_1981,RUN_2015_3188,RUN_2022_5153,21.0,14.0,20.0,-0.875,0.8571428571428571,1.7321428571428572,True,0.195,11.566265060240964,0.6413148620184301,0.6280709700627825
CHAIN_0012,RUN_2007_196,RUN_2015_2321,RUN_2022_2887,11.0,15.0,24.0,0.5,1.2857142857142858,0.7857142857142858,True,0.19000000000000003,17.23076923076923,0.6456620652763438,0.6152219214231487
CHAIN_0213,RUN_2007_1466,RUN_2015_1563,RUN_2022_490,23.0,12.0,17.0,-1.375,0.7142857142857143,2.0892857142857144,True,0.19,10.610526315789473,0.7027074510506893,0.6289710850830675
CHAIN_0331,RUN_2007_2038,RUN_2015_1311,RUN_2022_2259,38.0,29.0,29.0,-1.125,0.0,1.125,True,0.19,18.133333333333333,0.6449252118197079,0.6394369852374356
CHAIN_0352,RUN_2007_2221,RUN_2015_477,RUN_2022_404,14.0,14.0,22.0,0.0,1.1428571428571428,1.1428571428571428,True,0.19,14.500000000000002,0.648334669549301,0.6363336547573504
CHAIN_0358,RUN_2007_2362,RUN_2015_2388,RUN_2022_1886,23.0,18.0,23.0,-0.625,0.7142857142857143,1.3392857142857144,True,0.19,14.03076923076923,0.6449006219845974,0.6331430804277252
CHAIN_0348,RUN_2007_2193,RUN_2015_2947,RUN_2022_1384,19.0,15.0,21.0,-0.5,0.8571428571428571,1.3571428571428572,True,0.185,13.882352941176471,0.6409155113508941,0.634466706722208
CHAIN_0270,RUN_2007_1805,RUN_2015_2269,RUN_2022_1397,25.0,20.0,24.0,-0.625,0.5714285714285714,1.1964285714285714,True,0.18499999999999997,15.719298245614034,0.6431790488586513,0.6349892994270686
CHAIN_0298,RUN_2007_1911,RUN_2015_2581,RUN_2022_3519,27.0,27.0,30.0,0.0,0.42857142857142855,0.42857142857142855,True,0.18,33.333333333333336,0.631771056777422,0.6410025423477369
CHAIN_0098,RUN_2007_621,RUN_2015_349,RUN_2022_75,26.0,10.0,13.0,-2.0,0.42857142857142855,2.4285714285714284,True,0.175,10.307692307692308,0.8911294916798996,0.6226641663458168
CHAIN_0227,RUN_2007_1503,RUN_2015_1703,RUN_2022_2698,13.0,19.0,26.0,0.75,1.0,0.25,True,0.17,33.23076923076923,0.6542594131381102,0.633536361138811
CHAIN_0267,RUN_2007_1800,RUN_2015_2176,RUN_2022_625,13.0,21.0,28.0,1.0,1.0,0.0,False,0.17,52.0,0.7376711817134602,0.6317932724167439
CHAIN_0332,RUN_2007_2039,RUN_2015_3081,RUN_2022_4244,28.0,20.0,22.0,-1.0,0.2857142857142857,1.2857142857142856,True,0.17,16.571428571428573,0.7045743863752569,0.6262823507300704
CHAIN_0025,RUN_2007_249,RUN_2015_2138,RUN_2022_2193,19.0,17.0,22.0,-0.25,0.7142857142857143,0.9642857142857143,True,0.16999999999999998,18.56,0.6469808960164759,0.6246499025473738
CHAIN_0249,RUN_2007_1722,RUN_2015_2326,RUN_2022_3163,10.0,11.0,19.0,0.125,1.1428571428571428,1.0178571428571428,True,0.16999999999999998,16.542372881355934,0.6489433318886239,0.6265476081002449
CHAIN_0220,RUN_2007_1480,RUN_2015_1633,RUN_2022_2411,15.0,11.0,17.0,-0.5,0.8571428571428571,1.3571428571428572,True,0.16500000000000004,14.823529411764707,0.7662004037378153,0.9067747587737395
CHAIN_0115,RUN_2007_785,RUN_2015_601,RUN_2022_1257,18.0,12.0,17.0,-0.75,0.7142857142857143,1.4642857142857144,True,0.165,14.4,0.7503666982596715,0.78561660999071
CHAIN_0285,RUN_2007_1822,RUN_2015_2205,RUN_2022_3083,15.0,40.0,33.0,3.125,-1.0,-4.125,False,0.165,,0.6726953006712727,0.7422292040215658
CHAIN_0255,RUN_2007_1763,RUN_2015_2469,RUN_2022_4420,30.0,23.0,24.0,-0.875,0.14285714285714285,1.0178571428571428,True,0.16499999999999998,20.837209302325586,0.6053882297267126,0.6340319528793182
CHAIN_0132,RUN_2007_901,RUN_2015_2711,RUN_2022_282,23.0,31.0,32.0,1.0,0.14285714285714285,-0.8571428571428572,False,0.16428571428571428,336.0,0.6420613280088745,0.6439205064368394
CHAIN_0037,RUN_2007_263,RUN_2015_1695,RUN_2022_245,11.0,10.0,17.0,-0.125,1.0,1.125,True,0.16,16.524590163934427,0.6457178725637117,0.6324346109034327
CHAIN_0082,RUN_2007_443,RUN_2015_1313,RUN_2022_280,32.0,33.0,32.0,0.125,-0.14285714285714285,-0.26785714285714285,False,0.16,,0.6416110837785933,0.644835810582966
CHAIN_0087,RUN_2007_499,RUN_2015_2974,RUN_2022_630,17.0,19.0,24.0,0.25,0.7142857142857143,0.4642857142857143,True,0.16,29.866666666666667,0.6466296801195027,0.6353652712752478
CHAIN_0142,RUN_2007_1000,RUN_2015_2042,RUN_2022_2430,14.0,14.0,20.0,0.0,0.8571428571428571,0.8571428571428571,True,0.16,20.0,0.6464047081062596,0.6303572355190038
CHAIN_0204,RUN_2007_1340,RUN_2015_2528,RUN_2022_1138,17.0,11.0,16.0,-0.75,0.7142857142857143,1.4642857142857144,True,0.16,14.628571428571428,0.6367976988166946,0.6406712998490891
CHAIN_0256,RUN_2007_1764,RUN_2015_1699,RUN_2022_853,11.0,10.0,17.0,-0.125,1.0,1.125,True,0.16,16.524590163934427,0.6444411513376782,0.634541454604341
CHAIN_0318,RUN_2007_1975,RUN_2015_2840,RUN_2022_4185,38.0,30.0,27.0,-1.0,-0.42857142857142855,0.5714285714285714,True,0.15785714285714286,53.000000000000014,0.6467330136179267,0.6418766157691487
CHAIN_0293,RUN_2007_1837,RUN_2015_2426,RUN_2022_3146,13.0,10.0,16.0,-0.375,0.8571428571428571,1.2321428571428572,True,0.15500000000000003,16.253968253968253,0.8297955389117352,0.9106023978880984
CHAIN_0323,RUN_2007_1983,RUN_2015_2863,RUN_2022_3917,22.0,10.0,13.0,-1.5,0.42857142857142855,1.9285714285714286,True,0.15500000000000003,12.761904761904763,0.729087750990267,0.8033128466747368
CHAIN_0124,RUN_2007_843,RUN_2015_2543,RUN_2022_294,10.0,12.0,19.0,0.25,1.0,0.75,True,0.155,21.217391304347824,0.6477524629322894,0.6331045148052149
CHAIN_0214,RUN_2007_1468,RUN_2015_1571,RUN_2022_2406,29.0,62.0,31.0,4.125,-4.428571428571429,-8.553571428571429,False,0.155,,0.628293018820625,0.61455482219732
CHAIN_0102,RUN_2007_696,RUN_2015_1959,RUN_2022_3380,33.0,28.0,27.0,-0.625,-0.14285714285714285,0.48214285714285715,True,0.1542857142857143,49.88235294117647,0.6254675504995828,0.6239832363800096
CHAIN_0276,RUN_2007_1812,RUN_2015_509,RUN_2022_3590,24.0,29.0,30.0,0.625,0.14285714285714285,-0.48214285714285715,False,0.15428571428571428,350.0,0.6422307955987946,0.634595964874795
CHAIN_0160,RUN_2007_1071,RUN_2015_1037,RUN_2022_2840,10.0,23.0,27.0,1.625,0.5714285714285714,-1.0535714285714286,False,0.15214285714285714,92.75,0.9149595277921181,0.6392330268973464
CHAIN_0048,RUN_2007_279,RUN_2015_1594,RUN_2022_300,15.0,16.0,21.0,0.125,0.7142857142857143,0.5892857142857143,True,0.15,26.97142857142857,0.6490721964535625,0.6323502662538264
CHAIN_0118,RUN_2007_803,RUN_2015_961,RUN_2022_2183,24.0,19.0,21.0,-0.625,0.2857142857142857,0.9107142857142857,True,0.15,23.024390243902438,0.6343279197600911,0.6199297227312283
CHAIN_0149,RUN_2007_1021,RUN_2015_2964,RUN_2022_3527,15.0,13.0,18.0,-0.25,0.7142857142857143,0.9642857142857143,True,0.15,19.84,0.6486866857850971,0.6361840012142891
CHAIN_0176,RUN_2007_1219,RUN_2015_1555,RUN_2022_507,24.0,23.0,25.0,-0.125,0.2857142857142857,0.4107142857142857,True,0.15,41.904761904761905,0.6357979355896304,0.645233502224168
CHAIN_0190,RUN_2007_1291,RUN_2015_2110,RUN_2022_4652,15.0,14.0,19.0,-0.125,0.7142857142857143,0.8392857142857143,True,0.15,21.68888888888889,0.6485248988362208,0.6378664065207399
CHAIN_0301,RUN_2007_1918,RUN_2015_2655,RUN_2022_3578,12.0,15.0,21.0,0.375,0.8571428571428571,0.4821428571428571,True,0.15,28.606060606060606,0.6417986426578289,0.6418966151286278
CHAIN_0218,RUN_2007_1478,RUN_2015_1637,RUN_2022_239,26.0,12.0,13.0,-1.75,0.14285714285714285,1.8928571428571428,True,0.14500000000000002,13.743589743589743,0.7307530714531972,0.6478253649199844
CHAIN_0261,RUN_2007_1785,RUN_2015_2140,RUN_2022_3702,23.0,21.0,23.0,-0.25,0.2857142857142857,0.5357142857142857,True,0.14500000000000002,35.07692307692308,0.6939065779820359,0.6437480598950744
CHAIN_0272,RUN_2007_1807,RUN_2015_2190,RUN_2022_3059,20.0,11.0,14.0,-1.125,0.42857142857142855,1.5535714285714286,True,0.14500000000000002,15.304347826086957,0.6193349914122606,0.94625116493582
CHAIN_0032,RUN_2007_256,RUN_2015_367,RUN_2022_4202,14.0,13.0,18.0,-0.125,0.7142857142857143,0.8392857142857143,True,0.145,22.044444444444444,0.6475824534404253,0.6113806234617525
CHAIN_0147,RUN_2007_1011,RUN_2015_2243,RUN_2022_2257,20.0,22.0,25.0,0.25,0.42857142857142855,0.17857142857142855,True,0.145,62.857142857142854,0.6479163447263593,0.6200339883303022
CHAIN_0165,RUN_2007_1097,RUN_2015_2093,RUN_2022_2269,26.0,29.0,29.0,0.375,0.0,-0.375,False,0.145,,0.6471780950528471,0.6410874827079822
CHAIN_0230,RUN_2007_1510,RUN_2015_1722,RUN_2022_3568,25.0,33.0,29.0,1.0,-0.5714285714285714,-1.5714285714285714,False,0.145,,0.6149197038103229,0.6482963943895428
CHAIN_0251,RUN_2007_1758,RUN_2015_2073,RUN_2022_1776,14.0,18.0,23.0,0.5,0.7142857142857143,0.2142857142857143,True,0.145,45.6,0.642402785091833,0.6454783939727216
CHAIN_0042,RUN_2007_270,RUN_2015_3481,RUN_2022_4903,10.0,10.0,16.0,0.0,0.8571428571428571,0.8571428571428571,True,0.14,21.333333333333332,0.6440566975003488,0.7209052352802592
CHAIN_0097,RUN_2007_620,RUN_2015_348,RUN_2022_883,19.0,12.0,15.0,-0.875,0.42857142857142855,1.3035714285714286,True,0.14,17.627118644067796,0.8043730636955253,0.6349806508979429
CHAIN_0162,RUN_2007_1076,RUN_2015_2217,RUN_2022_3969,25.0,15.0,16.0,-1.25,0.14285714285714285,1.3928571428571428,True,0.14,17.655172413793107,0.6211010729349943,0.637562788693911
CHAIN_0208,RUN_2007_1385,RUN_2015_1578,RUN_2022_4211,19.0,17.0,20.0,-0.25,0.42857142857142855,0.6785714285714286,True,0.14,28.235294117647058,0.6460498560392154,0.6367485135722463
CHAIN_0248,RUN_2007_1721,RUN_2015_3527,RUN_2022_3695,10.0,12.0,18.0,0.25,0.8571428571428571,0.6071428571428571,True,0.14,26.105263157894736,0.6477198128680611,0.6347788198808335
CHAIN_0345,RUN_2007_2142,RUN_2015_1540,RUN_2022_4177,22.0,19.0,21.0,-0.375,0.2857142857142857,0.6607142857142857,True,0.14,30.451612903225808,0.630952366688442,0.6445556886465005
CHAIN_0351,RUN_2007_2210,RUN_2015_2522,RUN_2022_3787,16.0,15.0,19.0,-0.125,0.5714285714285714,0.6964285714285714,True,0.14,26.37837837837838,0.647809107498582,0.6398139883805859
CHAIN_0022,RUN_2007_243,RUN_2015_3630,RUN_2022_3723,15.0,15.0,19.0,0.0,0.5714285714285714,0.5714285714285714,True,0.135,30.500000000000004,0.6389987808215908,0.6466444263227393
CHAIN_0099,RUN_2007_638,RUN_2015_2242,RUN_2022_3994,12.0,10.0,15.0,-0.25,0.7142857142857143,0.9642857142857143,True,0.135,20.8,0.6479574211891103,0.6252385830973477
CHAIN_0170,RUN_2007_1177,RUN_2015_2872,RUN_2022_3940,21.0,14.0,16.0,-0.875,0.2857142857142857,1.1607142857142856,True,0.135,20.078431372549023,0.6353444512065485,0.7314977245895529
CHAIN_0239,RUN_2007_1571,RUN_2015_2411,RUN_2022_3124,22.0,33.0,27.0,1.375,-0.8571428571428571,-2.232142857142857,False,0.135,,0.6288920625370659,0.6351166874976664
CHAIN_0245,RUN_2007_1695,RUN_2015_3011,RUN_2022_4433,15.0,15.0,19.0,0.0,0.5714285714285714,0.5714285714285714,True,0.135,30.500000000000004,0.6490092014333089,0.6440886148026133
CHAIN_0279,RUN_2007_1816,RUN_2015_2197,RUN_2022_3067,12.0,12.0,17.0,0.0,0.7142857142857143,0.7142857142857143,True,0.135,25.2,0.7762767005615272,0.7201208585384595
CHAIN_0074,RUN_2007_361,RUN_2015_2412,RUN_2022_3130,12.0,17.0,22.0,0.625,0.7142857142857143,0.0892857142857143,False,0.13499999999999998,61.86666666666667,0.6211274230639239,0.7497577622165064
CHAIN_0273,RUN_2007_1808,RUN_2015_2188,RUN_2022_3063,16.0,25.0,26.0,1.125,0.14285714285714285,-0.9821428571428572,False,0.13428571428571429,378.0,0.945514370165465,0.8884924056748373
CHAIN_0212,RUN_2007_1458,RUN_2015_1658,RUN_2022_2437,11.0,17.0,22.0,0.75,0.7142857142857143,-0.0357142857142857,False,0.13142857142857142,81.2,0.6191722059199907,0.7947519839024564
CHAIN_0016,RUN_2007_233,RUN_2015_557,RUN_2022_2461,14.0,15.0,19.0,0.125,0.5714285714285714,0.4464285714285714,True,0.13,36.14814814814815,0.6457931205662587,0.6365937996336907
CHAIN_0039,RUN_2007_266,RUN_2015_2066,RUN_2022_2371,11.0,11.0,16.0,0.0,0.7142857142857143,0.7142857142857143,True,0.13,25.6,0.6436464523463857,0.6297814825502045
CHAIN_0050,RUN_2007_281,RUN_2015_1730,RUN_2022_2524,17.0,15.0,18.0,-0.25,0.42857142857142855,0.6785714285714286,True,0.13,29.176470588235293,0.6461868248517274,0.6308141417025027
CHAIN_0086,RUN_2007_497,RUN_2015_659,RUN_2022_3634,20.0,21.0,23.0,0.125,0.2857142857142857,0.1607142857142857,True,0.13,82.9090909090909,0.6459953265162353,0.6214910477346665
CHAIN_0109,RUN_2007_774,RUN_2015_2387,RUN_2022_3417,11.0,10.0,15.0,-0.125,0.7142857142857143,0.8392857142857143,True,0.13,23.11111111111111,0.6478352613324012,0.6181312445343218
CHAIN_0183,RUN_2007_1244,RUN_2015_2320,RUN_2022_3113,17.0,15.0,18.0,-0.25,0.42857142857142855,0.6785714285714286,True,0.13,29.176470588235293,0.6297695546287139,0.8506822351498452
CHAIN_0263,RUN_2007_1788,RUN_2015_2143,RUN_2022_3652,17.0,11.0,14.0,-0.75,0.42857142857142855,1.1785714285714286,True,0.13,19.555555555555557,0.7563062605826166,0.6401260194882182
CHAIN_0309,RUN_2007_1948,RUN_2015_665,RUN_2022_4656,20.0,21.0,23.0,0.125,0.2857142857142857,0.1607142857142857,True,0.13,82.9090909090909,0.6483925349690534,0.6399576206050461
CHAIN_0310,RUN_2007_1949,RUN_2015_3105,RUN_2022_3784,22.0,31.0,26.0,1.125,-0.7142857142857143,-1.8392857142857144,False,0.13,,0.6435001128219393,0.641999334135299
CHAIN_0116,RUN_2007_787,RUN_2015_602,RUN_2022_3279,19.0,22.0,24.0,0.375,0.2857142857142857,-0.0892857142857143,False,0.12857142857142856,196.0,0.7792108162857811,0.642637809942719
CHAIN_0185,RUN_2007_1275,RUN_2015_976,RUN_2022_365,38.0,28.0,22.0,-1.25,-0.8571428571428571,0.3928571428571429,True,0.12571428571428572,463.9999999999996,0.642248860816404,0.6168356433515764
CHAIN_0018,RUN_2007_236,RUN_2015_3272,RUN_2022_2816,10.0,12.0,17.0,0.25,0.7142857142857143,0.4642857142857143,True,0.125,33.6,0.6470307198036853,0.6255023277227145
CHAIN_0028,RUN_2007_252,RUN_2015_2853,RUN_2022_3890,25.0,24.0,24.0,-0.125,0.0,0.125,True,0.125,179.2,0.6452203485604089,0.6826118709064863
CHAIN_0041,RUN_2007_269,RUN_2015_2852,RUN_2022_3891,10.0,11.0,16.0,0.125,0.7142857142857143,0.5892857142857143,True,0.125,29.257142857142856,0.6478213714528266,0.7032484712811828
CHAIN_0045,RUN_2007_273,RUN_2015_1734,RUN_2022_4215,13.0,14.0,18.0,0.125,0.5714285714285714,0.4464285714285714,True,0.125,36.74074074074075,0.6476294009789029,0.6400442596197864
CHAIN_0053,RUN_2007_284,RUN_2015_3396,RUN_2022_4186,16.0,15.0,18.0,-0.125,0.42857142857142855,0.5535714285714286,True,0.125,34.206896551724135,0.6460746113435464,0.631085187243303
CHAIN_0067,RUN_2007_333,RUN_2015_2292,RUN_2022_1089,13.0,13.0,17.0,0.0,0.5714285714285714,0.5714285714285714,True,0.125,31.500000000000004,0.644844937344946,0.6172521281106405
CHAIN_0119,RUN_2007_807,RUN_2015_2101,RUN_2022_4660,16.0,18.0,21.0,0.25,0.42857142857142855,0.17857142857142855,True,0.125,67.42857142857143,0.6490010909646358,0.6348993070475674
CHAIN_0122,RUN_2007_831,RUN_2015_2010,RUN_2022_3485,16.0,13.0,16.0,-0.375,0.42857142857142855,0.8035714285714286,True,0.125,26.256410256410255,0.645613476258527,0.6447249523506027
CHAIN_0174,RUN_2007_1211,RUN_2015_3274,RUN_2022_4255,16.0,13.0,16.0,-0.375,0.42857142857142855,0.8035714285714286,True,0.125,26.256410256410255,0.6453090879469388,0.6404421739433312
CHAIN_0188,RUN_2007_1287,RUN_2015_2692,RUN_2022_23,13.0,13.0,17.0,0.0,0.5714285714285714,0.5714285714285714,True,0.125,31.500000000000004,0.6467937509170886,0.6356831653916908
CHAIN_0195,RUN_2007_1328,RUN_2015_2671,RUN_2022_3259,19.0,10.0,12.0,-1.125,0.2857142857142857,1.4107142857142856,True,0.125,17.836065573770494,0.6255902359545905,0.6446892331364623
CHAIN_0242,RUN_2007_1651,RUN_2015_1911,RUN_2022_5159,16.0,18.0,21.0,0.25,0.42857142857142855,0.17857142857142855,True,0.125,67.42857142857143,0.6390110351089222,0.634305352354857
CHAIN_0349,RUN_2007_2194,RUN_2015_876,RUN_2022_4131,16.0,17.0,20.0,0.125,0.42857142857142855,0.30357142857142855,True,0.125,50.526315789473685,0.6464202969628782,0.6139652502484249
CHAIN_0129,RUN_2007_854,RUN_2015_905,RUN_2022_3952,10.0,10.0,15.0,0.0,0.7142857142857143,0.7142857142857143,True,0.12499999999999999,26.0,0.6356931530114737,0.6338938590673537
CHAIN_0193,RUN_2007_1317,RUN_2015_608,RUN_2022_4210,10.0,10.0,15.0,0.0,0.7142857142857143,0.7142857142857143,True,0.12499999999999999,26.0,0.6494457162771895,0.6385884122459538
CHAIN_0291,RUN_2007_1834,RUN_2015_2315,RUN_2022_4282,10.0,10.0,15.0,0.0,0.7142857142857143,0.7142857142857143,True,0.12499999999999999,26.0,0.8785251181359595,0.6282635157704736
CHAIN_0288,RUN_2007_1827,RUN_2015_2314,RUN_2022_5180,33.0,23.0,19.0,-1.25,-0.5714285714285714,0.6785714285714286,True,0.12214285714285715,54.222222222222214,0.6090277715806401,0.6336936982323376
CHAIN_0199,RUN_2007_1332,RUN_2015_1372,RUN_2022_587,15.0,10.0,13.0,-0.625,0.42857142857142855,1.0535714285714286,True,0.12000000000000001,21.877551020408163,0.6366180635665365,0.6424175448049998
CHAIN_0343,RUN_2007_2095,RUN_2015_1019,RUN_2022_744,15.0,14.0,17.0,-0.125,0.42857142857142855,0.5535714285714286,True,0.12000000000000001,34.75862068965517,0.6491765359625781,0.6305911938423082
CHAIN_0013,RUN_2007_207,RUN_2015_449,RUN_2022_4519,20.0,24.0,24.0,0.5,0.0,-0.5,False,0.12,,0.6365153913481691,0.6388804901391849
CHAIN_0019,RUN_2007_238,RUN_2015_2699,RUN_2022_3774,12.0,11.0,15.0,-0.125,0.5714285714285714,0.6964285714285714,True,0.12,28.10810810810811,0.6475140775518564,0.6320526181318485
CHAIN_0083,RUN_2007_450,RUN_2015_2803,RUN_2022_3841,40.0,53.0,24.0,1.625,-4.142857142857143,-5.767857142857143,False,0.12,,0.6105299800602235,0.7071823531657868
CHAIN_0106,RUN_2007_756,RUN_2015_525,RUN_2022_2867,26.0,27.0,24.0,0.125,-0.42857142857142855,-0.5535714285714286,False,0.12,,0.8149032021653506,0.6394427088530128
CHAIN_0134,RUN_2007_936,RUN_2015_3395,RUN_2022_4191,12.0,11.0,15.0,-0.125,0.5714285714285714,0.6964285714285714,True,0.12,28.10810810810811,0.645621974993703,0.618187587719077
CHAIN_0146,RUN_2007_1010,RUN_2015_2747,RUN_2022_4152,40.0,33.0,24.0,-0.875,-1.2857142857142858,-0.4107142857142858,False,0.12,,0.6352854840376261,0.6375144011261729
CHAIN_0159,RUN_2007_1070,RUN_2015_1035,RUN_2022_1697,12.0,12.0,16.0,0.0,0.5714285714285714,0.5714285714285714,True,0.12,32.00000000000001,0.9349091291322579,0.7775218908583325
CHAIN_0225,RUN_2007_1498,RUN_2015_1491,RUN_2022_255,12.0,11.0,15.0,-0.125,0.5714285714285714,0.6964285714285714,True,0.12,28.10810810810811,0.6435538577905544,0.638654560956903
CHAIN_0229,RUN_2007_1509,RUN_2015_1724,RUN_2022_3959,18.0,12.0,14.0,-0.75,0.2857142857142857,1.0357142857142856,True,0.12,22.956521739130437,0.6547852790864387,0.6381230511765165
CHAIN_0238,RUN_2007_1570,RUN_2015_2973,RUN_2022_1303,18.0,17.0,19.0,-0.125,0.2857142857142857,0.4107142857142857,True,0.12,46.476190476190474,0.6353834845423374,0.6414361842444352
CHAIN_0308,RUN_2007_1947,RUN_2015_3079,RUN_2022_1249,12.0,13.0,17.0,0.125,0.5714285714285714,0.4464285714285714,True,0.12,37.333333333333336,0.6487484316244967,0.633211154120601
CHAIN_0330,RUN_2007_2036,RUN_2015_2843,RUN_2022_4237,12.0,11.0,15.0,-0.125,0.5714285714285714,0.6964285714285714,True,0.12,28.10810810810811,0.6478364499504324,0.6321832915143799
CHAIN_0186,RUN_2007_1276,RUN_2015_718,RUN_2022_4425,17.0,22.0,23.0,0.625,0.14285714285714285,-0.48214285714285715,False,0.11928571428571429,399.0,0.6421399937292064,0.6384550938729638
CHAIN_0297,RUN_2007_1910,RUN_2015_3120,RUN_2022_3087,13.0,18.0,21.0,0.625,0.42857142857142855,-0.19642857142857145,False,0.11785714285714285,137.66666666666669,0.6370650480179275,0.6305227466740313
CHAIN_0111,RUN_2007_779,RUN_2015_595,RUN_2022_5183,14.0,10.0,13.0,-0.5,0.42857142857142855,0.9285714285714286,True,0.115,24.363636363636363,0.7794124164338596,0.6239625847474213
CHAIN_0144,RUN_2007_1003,RUN_2015_889,RUN_2022_483,11.0,24.0,23.0,1.625,-0.14285714285714285,-1.7678571428571428,False,0.115,,0.6589358346342499,0.6405434876347198
CHAIN_0312,RUN_2007_1953,RUN_2015_2187,RUN_2022_3055,11.0,10.0,14.0,-0.125,0.5714285714285714,0.6964285714285714,True,0.115,28.54054054054054,0.646864190365601,0.8989939957347337
CHAIN_0315,RUN_2007_1965,RUN_2015_1077,RUN_2022_109,17.0,23.0,23.0,0.75,0.0,-0.75,False,0.115,,0.6393178644175558,0.6228274176129478
CHAIN_0317,RUN_2007_1971,RUN_2015_2820,RUN_2022_3881,17.0,19.0,21.0,0.25,0.2857142857142857,0.0357142857142857,False,0.115,157.33333333333334,0.7288779322395624,0.8820827607441124
CHAIN_0023,RUN_2007_245,RUN_2015_1697,RUN_2022_4409,11.0,14.0,18.0,0.375,0.5714285714285714,0.1964285714285714,True,0.11499999999999999,58.35294117647059,0.6368585815685486,0.6401750334375388
CHAIN_0052,RUN_2007_283,RUN_2015_2940,RUN_2022_307,17.0,17.0,19.0,0.0,0.2857142857142857,0.2857142857142857,True,0.11499999999999999,61.00000000000001,0.649196022666288,0.6353112263532161
CHAIN_0076,RUN_2007_371,RUN_2015_3166,RUN_2022_3484,11.0,12.0,16.0,0.125,0.5714285714285714,0.4464285714285714,True,0.11499999999999999,37.92592592592593,0.6485648843033329,0.6391471051799402
CHAIN_0139,RUN_2007_997,RUN_2015_2359,RUN_2022_3681,11.0,14.0,18.0,0.375,0.5714285714285714,0.1964285714285714,True,0.11499999999999999,58.35294117647059,0.6363474188740366,0.6394872806662584
CHAIN_0316,RUN_2007_1968,RUN_2015_2822,RUN_2022_4176,17.0,16.0,18.0,-0.125,0.2857142857142857,0.4107142857142857,True,0.11499999999999999,47.23809523809524,0.644775540956551,0.6425805385737665
CHAIN_0334,RUN_2007_2042,RUN_2015_2106,RUN_2022_1373,14.0,15.0,18.0,0.125,0.42857142857142855,0.30357142857142855,True,0.11499999999999999,52.21052631578947,0.6477868606285482,0.6472042830760927
CHAIN_0100,RUN_2007_667,RUN_2015_419,RUN_2022_4873,13.0,10.0,13.0,-0.375,0.42857142857142855,0.8035714285714286,True,0.11000000000000001,27.487179487179485,0.6423316092104869,0.6407459550663336
CHAIN_0184,RUN_2007_1260,RUN_2015_2245,RUN_2022_4521,13.0,10.0,13.0,-0.375,0.42857142857142855,0.8035714285714286,True,0.11000000000000001,27.487179487179485,0.6285874781526517,0.640198851463212
CHAIN_0222,RUN_2007_1493,RUN_2015_1319,RUN_2022_3092,13.0,11.0,14.0,-0.25,0.42857142857142855,0.6785714285714286,True,0.11000000000000001,31.058823529411764,0.6482724451365558,0.6290344618007885
CHAIN_0240,RUN_2007_1572,RUN_2015_2145,RUN_2022_4907,13.0,14.0,17.0,0.125,0.42857142857142855,0.30357142857142855,True,0.11000000000000001,53.05263157894737,0.6494427145292796,0.6399062462942942
CHAIN_0307,RUN_2007_1946,RUN_2015_898,RUN_2022_2507,13.0,14.0,17.0,0.125,0.42857142857142855,0.30357142857142855,True,0.11000000000000001,53.05263157894737,0.6467177969547548,0.6291677340156056
CHAIN_0359,RUN_2007_2376,RUN_2015_2751,RUN_2022_4827,13.0,10.0,13.0,-0.375,0.42857142857142855,0.8035714285714286,True,0.11000000000000001,27.487179487179485,0.6446133991510892,0.6026256449846918
CHAIN_0033,RUN_2007_257,RUN_2015_1357,RUN_2022_3818,10.0,10.0,14.0,0.0,0.5714285714285714,0.5714285714285714,True,0.11,33.00000000000001,0.6480072463323256,0.6343483990634912
CHAIN_0044,RUN_2007_272,RUN_2015_708,RUN_2022_1305,10.0,10.0,14.0,0.0,0.5714285714285714,0.5714285714285714,True,0.11,33.00000000000001,0.6467799126961599,0.6249696895769102
CHAIN_0063,RUN_2007_305,RUN_2015_541,RUN_2022_1206,13.0,13.0,16.0,0.0,0.42857142857142855,0.42857142857142855,True,0.11,42.666666666666664,0.6496982659096655,0.794031569516242
CHAIN_0148,RUN_2007_1012,RUN_2015_2453,RUN_2022_3308,13.0,16.0,19.0,0.375,0.42857142857142855,0.05357142857142855,False,0.11,108.44444444444447,0.6453374627205208,0.7997065143711083
CHAIN_0155,RUN_2007_1049,RUN_2015_550,RUN_2022_705,10.0,12.0,16.0,0.25,0.5714285714285714,0.3214285714285714,True,0.11,46.54545454545455,0.6382071280753701,0.6375743691843317
CHAIN_0161,RUN_2007_1075,RUN_2015_2151,RUN_2022_3285,10.0,12.0,16.0,0.25,0.5714285714285714,0.3214285714285714,True,0.11,46.54545454545455,0.6427577709936603,0.6366512004528296
CHAIN_0196,RUN_2007_1329,RUN_2015_793,RUN_2022_1649,10.0,10.0,14.0,0.0,0.5714285714285714,0.5714285714285714,True,0.11,33.00000000000001,0.6323254452637573,0.6347642508584339
CHAIN_0221,RUN_2007_1487,RUN_2015_2156,RUN_2022_3646,10.0,12.0,16.0,0.25,0.5714285714285714,0.3214285714285714,True,0.11,46.54545454545455,0.6443606380839733,0.6287895826296098
CHAIN_0264,RUN_2007_1792,RUN_2015_2331,RUN_2022_870,10.0,12.0,16.0,0.25,0.5714285714285714,0.3214285714285714,True,0.11,46.54545454545455,0.6409586364024675,0.6374059037649012
CHAIN_0299,RUN_2007_1913,RUN_2015_2289,RUN_2022_3221,13.0,12.0,15.0,-0.125,0.42857142857142855,0.5535714285714286,True,0.11,35.86206896551724,0.6486768583279925,0.6401749943172985
CHAIN_0303,RUN_2007_1920,RUN_2015_2157,RUN_2022_794,10.0,10.0,14.0,0.0,0.5714285714285714,0.5714285714285714,True,0.11,33.00000000000001,0.6446940298382633,0.6341232685772795
CHAIN_0209,RUN_2007_1387,RUN_2015_2838,RUN_2022_4259,16.0,17.0,19.0,0.125,0.2857142857142857,0.1607142857142857,True,0.10999999999999999,88.72727272727273,0.6484643029375687,0.6445987666863456
CHAIN_0287,RUN_2007_1825,RUN_2015_2253,RUN_2022_3708,16.0,16.0,18.0,0.0,0.2857142857142857,0.2857142857142857,True,0.10999999999999999,62.00000000000001,0.9400916616696642,0.6339302260974148
CHAIN_0328,RUN_2007_2033,RUN_2015_3341,RUN_2022_1890,24.0,14.0,13.0,-1.25,-0.14285714285714285,1.1071428571428572,True,0.10928571428571429,25.52380952380952,0.6275179670381396,0.6392668737244606
CHAIN_0112,RUN_2007_780,RUN_2015_597,RUN_2022_472,18.0,20.0,21.0,0.25,0.14285714285714285,-0.10714285714285715,False,0.10928571428571428,413.0,0.7930353676062221,0.6173424865720312
CHAIN_0167,RUN_2007_1124,RUN_2015_1112,RUN_2022_3184,13.0,20.0,21.0,0.875,0.14285714285714285,-0.7321428571428572,False,0.10928571428571428,413.0,0.634683534025235,0.646431390195521
CHAIN_0024,RUN_2007_246,RUN_2015_2723,RUN_2022_4668,12.0,13.0,16.0,0.125,0.42857142857142855,0.30357142857142855,True,0.10500000000000001,53.89473684210526,0.6459399921710784,0.6400161899199194
CHAIN_0110,RUN_2007_778,RUN_2015_594,RUN_2022_1252,12.0,10.0,13.0,-0.25,0.42857142857142855,0.6785714285714286,True,0.10500000000000001,31.529411764705884,0.7886485557906394,0.6920227947275206
CHAIN_0175,RUN_2007_1218,RUN_2015_1492,RUN_2022_4609,12.0,11.0,14.0,-0.125,0.42857142857142855,0.5535714285714286,True,0.10500000000000001,36.41379310344827,0.6306818403031611,0.6353185704618067
CHAIN_0228,RUN_2007_1504,RUN_2015_2587,RUN_2022_3350,18.0,16.0,17.0,-0.25,0.14285714285714285,0.39285714285714285,True,0.10500000000000001,56.0,0.6332643858462224,0.6434736585152208
CHAIN_0234,RUN_2007_1537,RUN_2015_3495,RUN_2022_5139,15.0,15.0,17.0,0.0,0.2857142857142857,0.2857142857142857,True,0.10500000000000001,63.00000000000001,0.6469473450280886,0.6369593311729606
CHAIN_0252,RUN_2007_1760,RUN_2015_2660,RUN_2022_3654,12.0,14.0,17.0,0.25,0.42857142857142855,0.17857142857142855,True,0.10500000000000001,72.0,0.6243623026918923,0.6344036904034732
CHAIN_0282,RUN_2007_1819,RUN_2015_2200,RUN_2022_3077,21.0,10.0,10.0,-1.375,0.0,1.375,True,0.10500000000000001,20.363636363636363,0.7801530167378155,0.9834671995769572
CHAIN_0326,RUN_2007_2026,RUN_2015_2407,RUN_2022_3992,15.0,13.0,15.0,-0.25,0.2857142857142857,0.5357142857142857,True,0.10500000000000001,40.0,0.6471271633933043,0.6233306095555002
CHAIN_0327,RUN_2007_2031,RUN_2015_3045,RUN_2022_30,21.0,12.0,12.0,-1.125,0.0,1.125,True,0.10500000000000001,24.177777777777777,0.8616211602741408,0.6244318245349665
CHAIN_0336,RUN_2007_2054,RUN_2015_3104,RUN_2022_3045,15.0,13.0,15.0,-0.25,0.2857142857142857,0.5357142857142857,True,0.10500000000000001,40.0,0.6988342936515688,0.6378699363087357
CHAIN_0002,RUN_2007_63,RUN_2015_967,RUN_2022_3316,15.0,21.0,21.0,0.75,0.0,-0.75,False,0.105,,0.6419016544309835,0.6337056968939125
CHAIN_0059,RUN_2007_295,RUN_2015_1569,RUN_2022_2404,13.0,21.0,21.0,1.0,0.0,-1.0,False,0.105,,0.6337766502562694,0.6048966474997372
CHAIN_0192,RUN_2007_1294,RUN_2015_1301,RUN_2022_2225,15.0,17.0,19.0,0.25,0.2857142857142857,0.0357142857142857,False,0.105,162.66666666666669,0.9404394493216668,0.6437719366326528
CHAIN_0236,RUN_2007_1561,RUN_2015_2899,RUN_2022_4229,15.0,12.0,14.0,-0.375,0.2857142857142857,0.6607142857142857,True,0.105,34.064516129032256,0.646396827639349,0.6370157689297172
CHAIN_0295,RUN_2007_1908,RUN_2015_2362,RUN_2022_3696,15.0,12.0,14.0,-0.375,0.2857142857142857,0.6607142857142857,True,0.105,34.064516129032256,0.6364925198980446,0.6398730970351975
CHAIN_0335,RUN_2007_2050,RUN_2015_2804,RUN_2022_3842,20.0,21.0,21.0,0.125,0.0,-0.125,False,0.105,,0.6450075882094025,0.899302527695724
CHAIN_0027,RUN_2007_251,RUN_2015_2575,RUN_2022_3772,15.0,16.0,18.0,0.125,0.2857142857142857,0.1607142857142857,True,0.10499999999999998,90.18181818181819,0.6487474570747614,0.6420925201400541
CHAIN_0171,RUN_2007_1190,RUN_2015_1665,RUN_2022_3490,15.0,16.0,18.0,0.125,0.2857142857142857,0.1607142857142857,True,0.10499999999999998,90.18181818181819,0.6484712814167249,0.6453231263565572
CHAIN_0340,RUN_2007_2082,RUN_2015_2650,RUN_2022_3140,14.0,17.0,19.0,0.375,0.2857142857142857,-0.0892857142857143,False,0.10357142857142856,213.5,0.6478457607846597,0.639518820432861
CHAIN_0153,RUN_2007_1031,RUN_2015_649,RUN_2022_4464,11.0,15.0,18.0,0.5,0.42857142857142855,-0.07142857142857145,False,0.10285714285714286,144.66666666666669,0.6359082703769532,0.6173083402953103
CHAIN_0021,RUN_2007_240,RUN_2015_456,RUN_2022_3387,11.0,10.0,13.0,-0.125,0.42857142857142855,0.5535714285714286,True,0.1,36.9655172413793,0.6484058462195499,0.6329117101225903
CHAIN_0065,RUN_2007_307,RUN_2015_2064,RUN_2022_2776,14.0,13.0,15.0,-0.125,0.2857142857142857,0.4107142857142857,True,0.1,49.523809523809526,0.6448114220651587,0.6401029588905582
CHAIN_0093,RUN_2007_561,RUN_2015_1604,RUN_2022_2977,14.0,12.0,14.0,-0.25,0.2857142857142857,0.5357142857142857,True,0.1,40.61538461538461,0.6467087519994623,0.6424019864965551
CHAIN_0103,RUN_2007_698,RUN_2015_2600,RUN_2022_3985,11.0,14.0,17.0,0.375,0.42857142857142855,0.05357142857142855,False,0.1,112.00000000000003,0.6462226124320287,0.6392001076832796
CHAIN_0104,RUN_2007_707,RUN_2015_457,RUN_2022_3006,14.0,25.0,20.0,1.375,-0.7142857142857143,-2.0892857142857144,False,0.1,,0.605768248274064,0.6276666746577739
CHAIN_0114,RUN_2007_783,RUN_2015_599,RUN_2022_164,11.0,10.0,13.0,-0.125,0.42857142857142855,0.5535714285714286,True,0.1,36.9655172413793,0.7308971464684434,0.6446346297882877
CHAIN_0137,RUN_2007_966,RUN_2015_1716,RUN_2022_3896,11.0,11.0,14.0,0.0,0.42857142857142855,0.42857142857142855,True,0.1,44.0,0.6468867851576626,0.6114717066978398
CHAIN_0254,RUN_2007_1762,RUN_2015_3141,RUN_2022_1322,11.0,13.0,16.0,0.25,0.42857142857142855,0.17857142857142855,True,0.1,73.14285714285714,0.627749571845903,0.6280837067014652
CHAIN_0262,RUN_2007_1786,RUN_2015_2373,RUN_2022_3351,11.0,12.0,15.0,0.125,0.42857142857142855,0.30357142857142855,True,0.1,54.73684210526316,0.6472116737460131,0.6376425076571102
CHAIN_0095,RUN_2007_609,RUN_2015_2299,RUN_2022_4043,17.0,12.0,13.0,-0.625,0.14285714285714285,0.7678571428571428,True,0.09999999999999999,32.484848484848484,0.6271161805682032,0.6383736035847228
CHAIN_0157,RUN_2007_1056,RUN_2015_2394,RUN_2022_3253,13.0,15.0,17.0,0.25,0.2857142857142857,0.0357142857142857,False,0.09500000000000001,168.00000000000003,0.6419207458146855,0.6376507609473256
CHAIN_0020,RUN_2007_239,RUN_2015_2712,RUN_2022_1558,10.0,11.0,14.0,0.125,0.42857142857142855,0.30357142857142855,True,0.095,55.578947368421055,0.6468130720680394,0.6378316406843614
CHAIN_0057,RUN_2007_289,RUN_2015_3007,RUN_2022_2503,13.0,12.0,14.0,-0.125,0.2857142857142857,0.4107142857142857,True,0.095,50.285714285714285,0.6437036281627796,0.6391830913669998
CHAIN_0089,RUN_2007_521,RUN_2015_2329,RUN_2022_91,19.0,17.0,17.0,-0.25,0.0,0.25,True,0.095,100.8,0.6444431802189197,0.6331057812900833
CHAIN_0123,RUN_2007_832,RUN_2015_1026,RUN_2022_3483,10.0,10.0,13.0,0.0,0.42857142857142855,0.42857142857142855,True,0.095,44.666666666666664,0.6475550487844082,0.6304703189990416
CHAIN_0136,RUN_2007_957,RUN_2015_2400,RUN_2022_1156,10.0,11.0,14.0,0.125,0.42857142857142855,0.30357142857142855,True,0.095,55.578947368421055,0.646888457692627,0.6429590145838634
CHAIN_0152,RUN_2007_1030,RUN_2015_955,RUN_2022_517,10.0,19.0,19.0,1.125,0.0,-1.125,False,0.095,,0.7714040852906774,0.6295627227568071
CHAIN_0163,RUN_2007_1091,RUN_2015_2768,RUN_2022_4042,10.0,10.0,13.0,0.0,0.42857142857142855,0.42857142857142855,True,0.095,44.666666666666664,0.6464352898975084,0.6048801822132321
CHAIN_0169,RUN_2007_1168,RUN_2015_2658,RUN_2022_1192,10.0,11.0,14.0,0.125,0.42857142857142855,0.30357142857142855,True,0.095,55.578947368421055,0.6452884223688518,0.628651781811638
CHAIN_0216,RUN_2007_1473,RUN_2015_553,RUN_2022_1207,10.0,10.0,13.0,0.0,0.42857142857142855,0.42857142857142855,True,0.095,44.666666666666664,0.6472169392718713,0.7805019395661279
CHAIN_0217,RUN_2007_1477,RUN_2015_1632,RUN_2022_4306,13.0,12.0,14.0,-0.125,0.2857142857142857,0.4107142857142857,True,0.095,50.285714285714285,0.7628551114131557,0.6007868467302898
CHAIN_0241,RUN_2007_1589,RUN_2015_3394,RUN_2022_3922,10.0,12.0,15.0,0.25,0.42857142857142855,0.17857142857142855,True,0.095,74.28571428571429,0.6450503676873485,0.6276236017698675
CHAIN_0250,RUN_2007_1754,RUN_2015_2270,RUN_2022_1977,10.0,12.0,15.0,0.25,0.42857142857142855,0.17857142857142855,True,0.095,74.28571428571429,0.6399492297749981,0.6316733403008354
CHAIN_0253,RUN_2007_1761,RUN_2015_3397,RUN_2022_3522,16.0,12.0,13.0,-0.5,0.14285714285714285,0.6428571428571428,True,0.095,38.28571428571429,0.6458131783925611,0.6398070389951831
CHAIN_0265,RUN_2007_1795,RUN_2015_2222,RUN_2022_1360,13.0,12.0,14.0,-0.125,0.2857142857142857,0.4107142857142857,True,0.095,50.285714285714285,0.6485897890805065,0.636013708198103
CHAIN_0281,RUN_2007_1818,RUN_2015_2198,RUN_2022_3076,19.0,12.0,12.0,-0.875,0.0,0.875,True,0.095,31.085714285714285,0.7776948294919934,0.9093714425699494
CHAIN_0305,RUN_2007_1926,RUN_2015_2679,RUN_2022_4238,13.0,13.0,15.0,0.0,0.2857142857142857,0.2857142857142857,True,0.095,65.00000000000001,0.9350103200134123,0.6437584090118159
CHAIN_0333,RUN_2007_2041,RUN_2015_3083,RUN_2022_3348,10.0,12.0,15.0,0.25,0.42857142857142855,0.17857142857142855,True,0.095,74.28571428571429,0.6615766281680434,0.6013473265800089
CHAIN_0357,RUN_2007_2315,RUN_2015_3352,RUN_2022_4226,10.0,11.0,14.0,0.125,0.42857142857142855,0.30357142857142855,True,0.095,55.578947368421055,0.6467216169282963,0.6385917927454081
CHAIN_0092,RUN_2007_560,RUN_2015_2338,RUN_2022_458,13.0,10.0,12.0,-0.375,0.2857142857142857,0.6607142857142857,True,0.09499999999999999,35.096774193548384,0.644951074342033,0.6055637876453088
CHAIN_0311,RUN_2007_1952,RUN_2015_357,RUN_2022_3876,13.0,10.0,12.0,-0.375,0.2857142857142857,0.6607142857142857,True,0.09499999999999999,35.096774193548384,0.6473932232439568,0.6344075519034218
CHAIN_0179,RUN_2007_1222,RUN_2015_1554,RUN_2022_4807,21.0,12.0,11.0,-1.125,-0.14285714285714285,0.9821428571428572,True,0.09428571428571429,29.83783783783783,0.6331393418751909,0.6346472415209518
CHAIN_0031,RUN_2007_255,RUN_2015_2839,RUN_2022_3514,12.0,14.0,16.0,0.25,0.2857142857142857,0.0357142857142857,False,0.09000000000000001,170.66666666666669,0.6483388729472509,0.6388968992335677
CHAIN_0046,RUN_2007_276,RUN_2015_1317,RUN_2022_290,12.0,14.0,16.0,0.25,0.2857142857142857,0.0357142857142857,False,0.09000000000000001,170.66666666666669,0.6467255742109876,0.6056640125524599
CHAIN_0072,RUN_2007_348,RUN_2015_2402,RUN_2022_662,12.0,14.0,16.0,0.25,0.2857142857142857,0.0357142857142857,False,0.09000000000000001,170.66666666666669,0.6470383528074379,0.6174725132777213
CHAIN_0168,RUN_2007_1160,RUN_2015_1150,RUN_2022_5158,12.0,14.0,16.0,0.25,0.2857142857142857,0.0357142857142857,False,0.09000000000000001,170.66666666666669,0.9636948976811139,0.6341271763848523
CHAIN_0038,RUN_2007_264,RUN_2015_702,RUN_2022_3988,12.0,12.0,14.0,0.0,0.2857142857142857,0.2857142857142857,True,0.09,66.00000000000001,0.6466273378549254,0.6363352805609885
CHAIN_0040,RUN_2007_268,RUN_2015_2568,RUN_2022_4846,15.0,16.0,17.0,0.125,0.14285714285714285,0.01785714285714285,False,0.09,336.00000000000006,0.6468201773137094,0.643214839199895
CHAIN_0043,RUN_2007_271,RUN_2015_2108,RUN_2022_2976,12.0,13.0,15.0,0.125,0.2857142857142857,0.1607142857142857,True,0.09,94.54545454545455,0.6485955306836787,0.6348845967672124
CHAIN_0062,RUN_2007_298,RUN_2015_2724,RUN_2022_473,12.0,11.0,13.0,-0.125,0.2857142857142857,0.4107142857142857,True,0.09,51.04761904761905,0.6471573416617288,0.6270902083385009
CHAIN_0187,RUN_2007_1281,RUN_2015_3059,RUN_2022_4116,36.0,32.0,18.0,-0.5,-2.0,-1.5,False,0.09,,0.6261884688851692,0.7790794749127072
CHAIN_0211,RUN_2007_1445,RUN_2015_530,RUN_2022_1197,19.0,19.0,18.0,0.0,-0.14285714285714285,-0.14285714285714285,False,0.09,,0.6441886076435592,0.7721707409218695
CHAIN_0269,RUN_2007_1803,RUN_2015_2179,RUN_2022_2999,16.0,19.0,18.0,0.375,-0.14285714285714285,-0.5178571428571428,False,0.09,,0.884713858766144,0.6455455735084383
CHAIN_0302,RUN_2007_1919,RUN_2015_2653,RUN_2022_3360,12.0,10.0,12.0,-0.25,0.2857142857142857,0.5357142857142857,True,0.09,41.84615384615385,0.6440363166400348,0.6453372821330605
CHAIN_0337,RUN_2007_2058,RUN_2015_1657,RUN_2022_2432,28.0,35.0,18.0,0.875,-2.4285714285714284,-3.3035714285714284,False,0.09,,0.6418719424250516,0.6157418353896229
CHAIN_0350,RUN_2007_2208,RUN_2015_1913,RUN_2022_2998,15.0,13.0,14.0,-0.25,0.14285714285714285,0.39285714285714285,True,0.09,58.666666666666664,0.6467540810474852,0.640630381103856
CHAIN_0353,RUN_2007_2256,RUN_2015_2848,RUN_2022_4763,18.0,20.0,18.0,0.25,-0.2857142857142857,-0.5357142857142857,False,0.09,,0.6446215555304006,0.6442063379757001
CHAIN_0003,RUN_2007_78,RUN_2015_2259,RUN_2022_3948,17.0,17.0,17.0,0.0,0.0,0.0,False,0.085,,0.6472548063497573,0.6394022584426617
CHAIN_0055,RUN_2007_286,RUN_2015_1009,RUN_2022_5100,11.0,13.0,15.0,0.25,0.2857142857142857,0.0357142857142857,False,0.085,173.33333333333337,0.6468785416371904,0.6237810357804371
CHAIN_0133,RUN_2007_904,RUN_2015_717,RUN_2022_530,14.0,13.0,14.0,-0.125,0.14285714285714285,0.26785714285714285,True,0.085,81.23076923076923,0.6470253063902615,0.6473973489331327
CHAIN_0158,RUN_2007_1069,RUN_2015_1020,RUN_2022_3473,14.0,10.0,11.0,-0.5,0.14285714285714285,0.6428571428571428,True,0.085,39.42857142857143,0.8560641089449136,0.6055356365326698
CHAIN_0166,RUN_2007_1099,RUN_2015_1534,RUN_2022_2376,38.0,43.0,17.0,0.625,-3.7142857142857144,-4.339285714285714,False,0.085,,0.6143535060532752,0.7741349483761819
CHAIN_0206,RUN_2007_1355,RUN_2015_2406,RUN_2022_3116,15.0,18.0,17.0,0.375,-0.14285714285714285,-0.5178571428571428,False,0.085,,0.6478754190220477,0.6098881402715096
CHAIN_0215,RUN_2007_1472,RUN_2015_1566,RUN_2022_2401,15.0,31.0,17.0,2.0,-2.0,-4.0,False,0.085,,0.6570682965521311,0.7461845547277528
CHAIN_0231,RUN_2007_1511,RUN_2015_1068,RUN_2022_4968,21.0,20.0,17.0,-0.125,-0.42857142857142855,-0.30357142857142855,False,0.085,,0.6382537420068686,0.6336508064122801
CHAIN_0283,RUN_2007_1820,RUN_2015_2201,RUN_2022_3081,13.0,17.0,17.0,0.5,0.0,-0.5,False,0.085,,0.7598334292011527,0.8377505287891879
CHAIN_0321,RUN_2007_1980,RUN_2015_2857,RUN_2022_3990,14.0,10.0,11.0,-0.5,0.14285714285714285,0.6428571428571428,True,0.085,39.42857142857143,0.7618447623731861,0.6169568849126554
CHAIN_0354,RUN_2007_2293,RUN_2015_3471,RUN_2022_4121,21.0,22.0,17.0,0.125,-0.7142857142857143,-0.8392857142857143,False,0.085,,0.7842253450090735,0.6253199661218176
CHAIN_0140,RUN_2007_998,RUN_2015_2631,RUN_2022_1009,14.0,15.0,16.0,0.125,0.14285714285714285,0.01785714285714285,False,0.08499999999999999,341.33333333333337,0.6479739631503524,0.6186112929519595
CHAIN_0247,RUN_2007_1710,RUN_2015_3329,RUN_2022_4374,11.0,10.0,12.0,-0.125,0.2857142857142857,0.4107142857142857,True,0.08499999999999999,51.80952380952381,0.6483832997252704,0.6325911058382763
CHAIN_0325,RUN_2007_2025,RUN_2015_3621,RUN_2022_4371,11.0,10.0,12.0,-0.125,0.2857142857142857,0.4107142857142857,True,0.08499999999999999,51.80952380952381,0.648763550197862,0.6236292997171811
CHAIN_0056,RUN_2007_287,RUN_2015_3008,RUN_2022_306,13.0,15.0,16.0,0.25,0.14285714285714285,-0.10714285714285715,False,0.08428571428571428,448.0,0.647895717977095,0.6113788497177527
CHAIN_0011,RUN_2007_185,RUN_2015_3056,RUN_2022_4158,10.0,13.0,15.0,0.375,0.2857142857142857,-0.0892857142857143,False,0.08357142857142857,227.5,0.6463579852961512,0.6376921400426125
CHAIN_0173,RUN_2007_1200,RUN_2015_3349,RUN_2022_3008,25.0,19.0,15.0,-0.75,-0.5714285714285714,0.1785714285714286,True,0.08214285714285714,,0.6415499564859338,0.6395411389113861
CHAIN_0004,RUN_2007_83,RUN_2015_3075,RUN_2022_2884,18.0,18.0,16.0,0.0,-0.2857142857142857,-0.2857142857142857,False,0.08,,0.6492130699690418,0.6364668126728696
CHAIN_0068,RUN_2007_337,RUN_2015_2297,RUN_2022_4698,10.0,12.0,14.0,0.25,0.2857142857142857,0.0357142857142857,False,0.08,176.00000000000003,0.6483443379054089,0.63671543254282
CHAIN_0090,RUN_2007_522,RUN_2015_590,RUN_2022_1255,14.0,17.0,16.0,0.375,-0.14285714285714285,-0.5178571428571428,False,0.08,,0.6457931181639026,0.7014410461528992
CHAIN_0101,RUN_2007_673,RUN_2015_3644,RUN_2022_2632,20.0,18.0,16.0,-0.25,-0.2857142857142857,-0.0357142857142857,False,0.08,,0.6380708410195632,0.6404340492554992
CHAIN_0150,RUN_2007_1022,RUN_2015_1967,RUN_2022_2795,10.0,12.0,14.0,0.25,0.2857142857142857,0.0357142857142857,False,0.08,176.00000000000003,0.6426728047903522,0.7399738466220047
CHAIN_0205,RUN_2007_1341,RUN_2015_1969,RUN_2022_318,13.0,10.0,11.0,-0.375,0.14285714285714285,0.5178571428571428,True,0.08,48.00000000000001,0.6393347343596911,0.6369519521388111
CHAIN_0235,RUN_2007_1538,RUN_2015_3116,RUN_2022_456,17.0,17.0,16.0,0.0,-0.14285714285714285,-0.14285714285714285,False,0.08,,0.6423860617246833,0.6138649647433277
CHAIN_0257,RUN_2007_1778,RUN_2015_2274,RUN_2022_3172,15.0,16.0,16.0,0.125,0.0,-0.125,False,0.08,,0.6488638134651635,0.6404951332374528
CHAIN_0014,RUN_2007_208,RUN_2015_554,RUN_2022_1000,10.0,11.0,13.0,0.125,0.2857142857142857,0.1607142857142857,True,0.07999999999999999,97.45454545454545,0.6495337292817782,0.6299726505397909
CHAIN_0047,RUN_2007_277,RUN_2015_1562,RUN_2022_84,10.0,10.0,12.0,0.0,0.2857142857142857,0.2857142857142857,True,0.07999999999999999,68.00000000000001,0.6483251965835561,0.6422053372898324
CHAIN_0061,RUN_2007_297,RUN_2015_935,RUN_2022_3770,10.0,11.0,13.0,0.125,0.2857142857142857,0.1607142857142857,True,0.07999999999999999,97.45454545454545,0.6439681148218679,0.6450161419203451
CHAIN_0066,RUN_2007_330,RUN_2015_2166,RUN_2022_3740,10.0,10.0,12.0,0.0,0.2857142857142857,0.2857142857142857,True,0.07999999999999999,68.00000000000001,0.6343530243150346,0.6319703109372432
CHAIN_0117,RUN_2007_796,RUN_2015_634,RUN_2022_1177,10.0,10.0,12.0,0.0,0.2857142857142857,0.2857142857142857,True,0.07999999999999999,68.00000000000001,0.7811081750631855,0.6415006954184563
CHAIN_0121,RUN_2007_828,RUN_2015_2279,RUN_2022_3475,10.0,11.0,13.0,0.125,0.2857142857142857,0.1607142857142857,True,0.07999999999999999,97.45454545454545,0.6483307471911335,0.6304715880835045
CHAIN_0182,RUN_2007_1238,RUN_2015_3437,RUN_2022_1330,10.0,10.0,12.0,0.0,0.2857142857142857,0.2857142857142857,True,0.07999999999999999,68.00000000000001,0.6477934010654162,0.6323159571433167
CHAIN_0224,RUN_2007_1497,RUN_2015_1428,RUN_2022_3864,10.0,10.0,12.0,0.0,0.2857142857142857,0.2857142857142857,True,0.07999999999999999,68.00000000000001,0.6472924623106201,0.640967707360272
CHAIN_0243,RUN_2007_1672,RUN_2015_1134,RUN_2022_1341,10.0,10.0,12.0,0.0,0.2857142857142857,0.2857142857142857,True,0.07999999999999999,68.00000000000001,0.6483833319582784,0.6358014770652634
CHAIN_0300,RUN_2007_1914,RUN_2015_2298,RUN_2022_2656,10.0,11.0,13.0,0.125,0.2857142857142857,0.1607142857142857,True,0.07999999999999999,97.45454545454545,0.6453273823517867,0.6296343446150133
CHAIN_0360,RUN_2007_2390,RUN_2015_2534,RUN_2022_4839,10.0,11.0,13.0,0.125,0.2857142857142857,0.1607142857142857,True,0.07999999999999999,97.45454545454545,0.6489645938502101,0.6184722492475159
CHAIN_0029,RUN_2007_253,RUN_2015_1745,RUN_2022_2498,10.0,14.0,15.0,0.5,0.14285714285714285,-0.35714285714285715,False,0.07928571428571428,455.0,0.641410961609788,0.7731450996798117
CHAIN_0080,RUN_2007_437,RUN_2015_2095,RUN_2022_5063,15.0,13.0,13.0,-0.25,0.0,0.25,True,0.07500000000000001,107.2,0.6405863801810381,0.6330283179449907
CHAIN_0049,RUN_2007_280,RUN_2015_945,RUN_2022_3381,12.0,11.0,12.0,-0.125,0.14285714285714285,0.26785714285714285,True,0.075,83.6923076923077,0.6491543530510181,0.6325924868516364
CHAIN_0075,RUN_2007_370,RUN_2015_1821,RUN_2022_2473,14.0,16.0,15.0,0.25,-0.14285714285714285,-0.39285714285714285,False,0.075,,0.6483614426922848,0.6352966014281625
CHAIN_0077,RUN_2007_375,RUN_2015_2577,RUN_2022_4119,12.0,12.0,13.0,0.0,0.14285714285714285,0.14285714285714285,True,0.075,134.00000000000003,0.6481661099853805,0.6278796596453674
CHAIN_0128,RUN_2007_853,RUN_2015_3005,RUN_2022_2377,12.0,12.0,13.0,0.0,0.14285714285714285,0.14285714285714285,True,0.075,134.00000000000003,0.647665058630424,0.6383809251068406
CHAIN_0130,RUN_2007_860,RUN_2015_2220,RUN_2022_3099,12.0,20.0,15.0,1.0,-0.7142857142857143,-1.7142857142857144,False,0.075,,0.6265139060969864,0.6329340670622826
CHAIN_0141,RUN_2007_999,RUN_2015_1759,RUN_2022_2521,17.0,21.0,15.0,0.5,-0.8571428571428571,-1.3571428571428572,False,0.075,,0.6476966963803912,0.9565540827807832
CHAIN_0244,RUN_2007_1690,RUN_2015_584,RUN_2022_1246,17.0,18.0,15.0,0.125,-0.42857142857142855,-0.5535714285714286,False,0.075,,0.6487169853885949,0.7355173055983347
CHAIN_0271,RUN_2007_1806,RUN_2015_3634,RUN_2022_5190,14.0,15.0,15.0,0.125,0.0,-0.125,False,0.075,,0.6489519889975175,0.6433367509442882
CHAIN_0278,RUN_2007_1815,RUN_2015_2195,RUN_2022_3070,14.0,16.0,15.0,0.25,-0.14285714285714285,-0.39285714285714285,False,0.075,,0.7635895918262249,0.7361016194566212
CHAIN_0338,RUN_2007_2061,RUN_2015_3112,RUN_2022_4634,12.0,12.0,13.0,0.0,0.14285714285714285,0.14285714285714285,True,0.075,134.00000000000003,0.6293220962070999,0.6478531206305862
CHAIN_0339,RUN_2007_2079,RUN_2015_3609,RUN_2022_3906,12.0,15.0,15.0,0.375,0.0,-0.375,False,0.075,,0.647060294734874,0.6411372651026893
CHAIN_0346,RUN_2007_2189,RUN_2015_583,RUN_2022_4290,12.0,12.0,13.0,0.0,0.14285714285714285,0.14285714285714285,True,0.075,134.00000000000003,0.648431989920401,0.6305014667654975
CHAIN_0035,RUN_2007_261,RUN_2015_1312,RUN_2022_862,10.0,13.0,14.0,0.375,0.14285714285714285,-0.23214285714285715,False,0.07428571428571429,462.0,0.6459410577243683,0.6038962012443789
CHAIN_0058,RUN_2007_294,RUN_2015_3476,RUN_2022_3046,10.0,13.0,14.0,0.375,0.14285714285714285,-0.23214285714285715,False,0.07428571428571429,462.0,0.645881189583213,0.634653343533894
CHAIN_0096,RUN_2007_610,RUN_2015_2879,RUN_2022_1165,17.0,15.0,14.0,-0.25,-0.14285714285714285,0.10714285714285715,True,0.07428571428571429,527.9999999999998,0.6386695724896506,0.6395600686907913
CHAIN_0202,RUN_2007_1335,RUN_2015_1371,RUN_2022_4639,10.0,13.0,14.0,0.375,0.14285714285714285,-0.23214285714285715,False,0.07428571428571429,462.0,0.633000704189407,0.6436237379896181
CHAIN_0009,RUN_2007_164,RUN_2015_623,RUN_2022_1271,12.0,14.0,14.0,0.25,0.0,-0.25,False,0.07,,0.6426208461477205,0.7507793130063046
CHAIN_0071,RUN_2007_344,RUN_2015_1596,RUN_2022_156,11.0,10.0,11.0,-0.125,0.14285714285714285,0.26785714285714285,True,0.07,84.92307692307692,0.6468313637437696,0.6448027552893085
CHAIN_0105,RUN_2007_719,RUN_2015_3629,RUN_2022_3122,14.0,11.0,11.0,-0.375,0.0,0.375,True,0.07,73.6,0.6461610009481555,0.6167482504908515
CHAIN_0164,RUN_2007_1094,RUN_2015_2547,RUN_2022_3689,14.0,13.0,13.0,-0.125,0.0,0.125,True,0.07,214.4,0.6427619646712974,0.6328798261872018
CHAIN_0201,RUN_2007_1334,RUN_2015_1553,RUN_2022_4626,14.0,15.0,14.0,0.125,-0.14285714285714285,-0.26785714285714285,False,0.07,,0.6356636707416276,0.6487183969969545
CHAIN_0219,RUN_2007_1479,RUN_2015_1638,RUN_2022_4638,13.0,14.0,14.0,0.125,0.0,-0.125,False,0.07,,0.7764630214453989,0.64543402199071
CHAIN_0296,RUN_2007_1909,RUN_2015_1912,RUN_2022_2982,14.0,11.0,11.0,-0.375,0.0,0.375,True,0.07,73.6,0.6438922996712771,0.6445578624270023
CHAIN_0314,RUN_2007_1957,RUN_2015_2383,RUN_2022_324,11.0,10.0,11.0,-0.125,0.14285714285714285,0.26785714285714285,True,0.07,84.92307692307692,0.6488361404735278,0.6298977664104978
CHAIN_0324,RUN_2007_1984,RUN_2015_2858,RUN_2022_3914,23.0,19.0,14.0,-0.5,-0.7142857142857143,-0.2142857142857143,False,0.07,,0.6964975458761407,0.7743535862008517
CHAIN_0051,RUN_2007_282,RUN_2015_3050,RUN_2022_3830,11.0,12.0,13.0,0.125,0.14285714285714285,0.01785714285714285,False,0.06999999999999999,357.33333333333337,0.6440353236226312,0.633795556799679
CHAIN_0069,RUN_2007_338,RUN_2015_2537,RUN_2022_3615,11.0,12.0,13.0,0.125,0.14285714285714285,0.01785714285714285,False,0.06999999999999999,357.33333333333337,0.6473467695980267,0.6261632033966428
CHAIN_0156,RUN_2007_1051,RUN_2015_2141,RUN_2022_3799,11.0,11.0,12.0,0.0,0.14285714285714285,0.14285714285714285,True,0.06999999999999999,136.00000000000003,0.6352407593438996,0.6451827557709282
CHAIN_0178,RUN_2007_1221,RUN_2015_1489,RUN_2022_4529,11.0,12.0,13.0,0.125,0.14285714285714285,0.01785714285714285,False,0.06999999999999999,357.33333333333337,0.63515004335388,0.6351750926526902
CHAIN_0266,RUN_2007_1797,RUN_2015_2258,RUN_2022_3450,11.0,11.0,12.0,0.0,0.14285714285714285,0.14285714285714285,True,0.06999999999999999,136.00000000000003,0.6449641294149734,0.633810477439927
CHAIN_0280,RUN_2007_1817,RUN_2015_2199,RUN_2022_3079,11.0,11.0,12.0,0.0,0.14285714285714285,0.14285714285714285,True,0.06999999999999999,136.00000000000003,0.9488531231897114,0.7182573351243356
CHAIN_0294,RUN_2007_1840,RUN_2015_2380,RUN_2022_510,11.0,12.0,13.0,0.125,0.14285714285714285,0.01785714285714285,False,0.06999999999999999,357.33333333333337,0.646268564349153,0.645526696995518
CHAIN_0054,RUN_2007_285,RUN_2015_771,RUN_2022_89,10.0,12.0,13.0,0.25,0.14285714285714285,-0.10714285714285715,False,0.06928571428571428,469.0,0.6472621017476916,0.6380376560910123
CHAIN_0361,RUN_2007_2391,RUN_2015_354,RUN_2022_3386,10.0,12.0,13.0,0.25,0.14285714285714285,-0.10714285714285715,False,0.06928571428571428,469.0,0.647709321876796,0.632601151147793
CHAIN_0007,RUN_2007_115,RUN_2015_1521,RUN_2022_3813,10.0,10.0,11.0,0.0,0.14285714285714285,0.14285714285714285,True,0.065,138.00000000000003,0.6486170154278939,0.61852013008061
CHAIN_0010,RUN_2007_183,RUN_2015_2228,RUN_2022_325,10.0,10.0,11.0,0.0,0.14285714285714285,0.14285714285714285,True,0.065,138.00000000000003,0.6478371075871053,0.6383353204069585
CHAIN_0064,RUN_2007_306,RUN_2015_616,RUN_2022_88,10.0,10.0,11.0,0.0,0.14285714285714285,0.14285714285714285,True,0.065,138.00000000000003,0.6443099760160058,0.6317590538959661
CHAIN_0088,RUN_2007_500,RUN_2015_2732,RUN_2022_3765,25.0,23.0,13.0,-0.25,-1.4285714285714286,-1.1785714285714286,False,0.065,,0.6385650679164347,0.9097284527256372
CHAIN_0126,RUN_2007_847,RUN_2015_2186,RUN_2022_3053,10.0,15.0,13.0,0.625,-0.2857142857142857,-0.9107142857142857,False,0.065,,0.6436600377218796,0.855415707885611
CHAIN_0194,RUN_2007_1318,RUN_2015_535,RUN_2022_1205,10.0,13.0,13.0,0.375,0.0,-0.375,False,0.065,,0.6459668771508089,0.7459350557930016
CHAIN_0210,RUN_2007_1431,RUN_2015_2955,RUN_2022_153,10.0,10.0,11.0,0.0,0.14285714285714285,0.14285714285714285,True,0.065,138.00000000000003,0.6496427178304559,0.6321718873201683
CHAIN_0226,RUN_2007_1500,RUN_2015_2791,RUN_2022_1178,16.0,18.0,13.0,0.25,-0.7142857142857143,-0.9642857142857143,False,0.065,,0.6440942267771372,0.6427399824743643
CHAIN_0292,RUN_2007_1836,RUN_2015_2424,RUN_2022_3143,11.0,17.0,13.0,0.75,-0.5714285714285714,-1.3214285714285714,False,0.065,,0.909384788458578,0.939746933847704
CHAIN_0329,RUN_2007_2034,RUN_2015_3067,RUN_2022_1196,10.0,14.0,13.0,0.5,-0.14285714285714285,-0.6428571428571428,False,0.065,,0.9512756567240386,0.6237531822195076
CHAIN_0342,RUN_2007_2089,RUN_2015_3173,RUN_2022_4364,14.0,34.0,13.0,2.5,-3.0,-5.5,False,0.065,,0.8587803746691651,0.7337037502425244
CHAIN_0006,RUN_2007_114,RUN_2015_3340,RUN_2022_3324,10.0,11.0,12.0,0.125,0.14285714285714285,0.01785714285714285,False,0.06499999999999999,362.66666666666674,0.6481495379945739,0.604805130094633
CHAIN_0017,RUN_2007_234,RUN_2015_1972,RUN_2022_54,10.0,11.0,12.0,0.125,0.14285714285714285,0.01785714285714285,False,0.06499999999999999,362.66666666666674,0.6418491457981275,0.6423068412157484
CHAIN_0094,RUN_2007_580,RUN_2015_574,RUN_2022_3987,10.0,11.0,12.0,0.125,0.14285714285714285,0.01785714285714285,False,0.06499999999999999,362.66666666666674,0.6480081563374706,0.6308604420701394
CHAIN_0258,RUN_2007_1780,RUN_2015_2648,RUN_2022_3174,10.0,11.0,12.0,0.125,0.14285714285714285,0.01785714285714285,False,0.06499999999999999,362.66666666666674,0.6442658800820864,0.6382195113993673
CHAIN_0268,RUN_2007_1801,RUN_2015_2181,RUN_2022_3452,10.0,11.0,12.0,0.125,0.14285714285714285,0.01785714285714285,False,0.06499999999999999,362.66666666666674,0.6618249818757188,0.6369595400288113
CHAIN_0313,RUN_2007_1955,RUN_2015_2345,RUN_2022_4569,10.0,11.0,12.0,0.125,0.14285714285714285,0.01785714285714285,False,0.06499999999999999,362.66666666666674,0.6487119505918502,0.6271884771960013
CHAIN_0344,RUN_2007_2104,RUN_2015_878,RUN_2022_4754,10.0,11.0,12.0,0.125,0.14285714285714285,0.01785714285714285,False,0.06499999999999999,362.66666666666674,0.6459211786632159,0.6385885294737511
CHAIN_0026,RUN_2007_250,RUN_2015_1260,RUN_2022_4245,10.0,12.0,12.0,0.25,0.0,-0.25,False,0.06,,0.6457709164451386,0.6124180837579732
CHAIN_0034,RUN_2007_260,RUN_2015_2430,RUN_2022_3193,12.0,11.0,11.0,-0.125,0.0,0.125,True,0.06,220.8,0.6475049836642788,0.7110388987742084
CHAIN_0036,RUN_2007_262,RUN_2015_2096,RUN_2022_3057,12.0,11.0,11.0,-0.125,0.0,0.125,True,0.06,220.8,0.6483601655158316,0.6156661035006056
CHAIN_0085,RUN_2007_496,RUN_2015_2825,RUN_2022_3885,14.0,13.0,12.0,-0.125,-0.14285714285714285,-0.01785714285714285,False,0.06,,0.6467717861745113,0.6074034715435787
CHAIN_0198,RUN_2007_1331,RUN_2015_1643,RUN_2022_3856,10.0,12.0,12.0,0.25,0.0,-0.25,False,0.06,,0.6390863038817642,0.6416706582029499
CHAIN_0232,RUN_2007_1513,RUN_2015_1727,RUN_2022_2491,11.0,31.0,12.0,2.5,-2.7142857142857144,-5.214285714285714,False,0.06,,0.7218154959353278,0.7661878864912872
CHAIN_0259,RUN_2007_1781,RUN_2015_2342,RUN_2022_1047,14.0,13.0,12.0,-0.125,-0.14285714285714285,-0.01785714285714285,False,0.06,,0.6282093706097316,0.63193893532048
CHAIN_0277,RUN_2007_1813,RUN_2015_2196,RUN_2022_3075,15.0,17.0,12.0,0.25,-0.7142857142857143,-0.9642857142857143,False,0.06,,0.7459848458833462,0.6160875262393074
CHAIN_0320,RUN_2007_1978,RUN_2015_2408,RUN_2022_3117,14.0,14.0,12.0,0.0,-0.2857142857142857,-0.2857142857142857,False,0.06,,0.6492223401408708,0.7073730199624567
CHAIN_0172,RUN_2007_1191,RUN_2015_3251,RUN_2022_4509,14.0,12.0,11.0,-0.25,-0.14285714285714285,0.10714285714285715,True,0.05928571428571429,551.9999999999998,0.6458965026529067,0.7175681329316174
CHAIN_0084,RUN_2007_455,RUN_2015_1520,RUN_2022_4252,11.0,10.0,10.0,-0.125,0.0,0.125,True,0.05500000000000001,224.0,0.6379265761551329,0.6337463050082977
CHAIN_0091,RUN_2007_545,RUN_2015_1966,RUN_2022_3544,11.0,10.0,10.0,-0.125,0.0,0.125,True,0.05500000000000001,224.0,0.6472213634389513,0.6222578521442623
CHAIN_0008,RUN_2007_155,RUN_2015_2221,RUN_2022_4756,10.0,12.0,11.0,0.25,-0.14285714285714285,-0.39285714285714285,False,0.055,,0.6468116121272353,0.6335953823437656
CHAIN_0060,RUN_2007_296,RUN_2015_1787,RUN_2022_2574,10.0,14.0,11.0,0.5,-0.42857142857142855,-0.9285714285714286,False,0.055,,0.6377210074834255,0.7390851487442063
CHAIN_0070,RUN_2007_339,RUN_2015_2677,RUN_2022_3363,10.0,11.0,11.0,0.125,0.0,-0.125,False,0.055,,0.6454083886917071,0.6279968593034048
CHAIN_0127,RUN_2007_851,RUN_2015_1320,RUN_2022_4370,14.0,13.0,11.0,-0.125,-0.2857142857142857,-0.1607142857142857,False,0.055,,0.6345217470669553,0.6358543365472544
CHAIN_0138,RUN_2007_969,RUN_2015_2059,RUN_2022_85,11.0,12.0,11.0,0.125,-0.14285714285714285,-0.26785714285714285,False,0.055,,0.6492235824013606,0.6424964598164649
CHAIN_0151,RUN_2007_1028,RUN_2015_1986,RUN_2022_4340,10.0,11.0,11.0,0.125,0.0,-0.125,False,0.055,,0.6461772066307174,0.6392479829643599
CHAIN_0189,RUN_2007_1288,RUN_2015_1436,RUN_2022_2245,11.0,21.0,11.0,1.25,-1.4285714285714286,-2.678571428571429,False,0.055,,0.6310155927679493,0.6259971141114681
CHAIN_0200,RUN_2007_1333,RUN_2015_1646,RUN_2022_4317,10.0,11.0,11.0,0.125,0.0,-0.125,False,0.055,,0.6442773678699139,0.6459326386489637
CHAIN_0260,RUN_2007_1782,RUN_2015_2637,RUN_2022_4353,10.0,11.0,11.0,0.125,0.0,-0.125,False,0.055,,0.6442249923658603,0.6379982614632507
CHAIN_0304,RUN_2007_1921,RUN_2015_2977,RUN_2022_1658,11.0,11.0,11.0,0.0,0.0,0.0,False,0.055,,0.6498223611057402,0.6238054887240949
CHAIN_0073,RUN_2007_351,RUN_2015_1624,RUN_2022_1151,10.0,11.0,10.0,0.125,-0.14285714285714285,-0.26785714285714285,False,0.05,,0.64929999320271,0.6333226022229408
CHAIN_0135,RUN_2007_953,RUN_2015_2824,RUN_2022_3884,10.0,10.0,10.0,0.0,0.0,0.0,False,0.05,,0.6481208042741547,0.7501236618402087
CHAIN_0341,RUN_2007_2088,RUN_2015_3172,RUN_2022_4366,11.0,14.0,10.0,0.375,-0.5714285714285714,-0.9464285714285714,False,0.05,,0.8815293650321493,0.6514650734872509
CHAIN_0347,RUN_2007_2190,RUN_2015_2418,RUN_2022_3135,10.0,12.0,10.0,0.25,-0.2857142857142857,-0.5357142857142857,False,0.05,,0.6479042636779799,0.6994719586273351
